{"cameraMode":{"drawMode":0,"name":"Shaded","section":"Shading Mode"},"sceneLighting":true,"audioPlay":false,"sceneViewState":{"showFog":false,"showMaterialUpdate":false,"showSkybox":false,"showFlares":false,"showImageEffects":false,"showParticleSystems":true},"in2DMode":false,"pivot":{"x":22.52556800842285,"y":0.45854392647743227,"z":-60.10933303833008},"rotation":{"x":-0.0001657944667385891,"y":0.9902431964874268,"z":0.0011787413386628032,"w":0.13934554159641267},"size":81.09503173828125,"orthographic":false}